{"maintain12": 8.272727272727273, "maintain4": 9.217391304347826}